date,value
18/08/2014,576.11258
15/08/2014,577.862619
14/08/2014,576.182596
13/08/2014,567.312567
12/08/2014,564.522567
11/08/2014,569.992585
08/08/2014,563.562536
07/08/2014,568.00257
06/08/2014,561.782569
05/08/2014,570.052564
04/08/2014,569.042592
01/08/2014,570.402584
31/07/2014,580.602616
30/07/2014,586.55265
29/07/2014,588.752653
28/07/2014,588.072688
25/07/2014,590.402686
24/07/2014,596.452725
23/07/2014,593.232713
22/07/2014,590.722655
21/07/2014,591.752702
18/07/2014,593.002712
17/07/2014,579.532604
16/07/2014,588.002671
15/07/2014,585.742628
14/07/2014,582.602608
11/07/2014,571.912585
10/07/2014,565.912548
09/07/2014,571.582578
08/07/2014,577.662607
07/07/2014,583.76265
03/07/2014,583.352651
02/07/2014,583.352651
01/07/2014,578.32262
30/06/2014,578.662603
27/06/2014,577.182592
26/06/2014,581.002639
25/06/2014,565.262572
24/06/2014,565.192556
23/06/2014,555.152509
20/06/2014,556.852545
19/06/2014,554.242482
18/06/2014,544.862448
17/06/2014,544.202435
16/06/2014,549.262515
13/06/2014,552.262503
12/06/2014,557.302509
11/06/2014,558.002549
10/06/2014,560.512546
09/06/2014,557.152501
06/06/2014,558.062528
05/06/2014,546.402499
04/06/2014,541.502464
03/06/2014,550.99248
02/06/2014,560.70252
30/05/2014,560.802526
29/05/2014,563.352549
28/05/2014,564.57257
27/05/2014,556.002496
23/05/2014,547.262462
22/05/2014,541.132431
21/05/2014,532.902401
20/05/2014,529.742368
19/05/2014,519.702382
16/05/2014,521.39238
15/05/2014,525.702357
14/05/2014,533.002407
13/05/2014,530.892433
12/05/2014,523.512391
09/05/2014,510.752299
08/05/2014,508.462297
07/05/2014,515.792305
06/05/2014,525.232379
05/05/2014,524.822381
02/05/2014,533.762426
01/05/2014,527.112413
30/04/2014,527.602405
29/04/2014,516.902344
28/04/2014,517.182348
25/04/2014,522.512395
24/04/2014,530.072374
23/04/2014,533.792415
22/04/2014,528.642366
21/04/2014,536.1024
17/04/2014,548.81249
16/04/2014,543.002488
15/04/2014,536.822454
14/04/2014,538.252462
11/04/2014,532.552381
10/04/2014,565.002582
09/04/2014,559.622532
08/04/2014,542.602466
07/04/2014,540.742445
04/04/2014,574.652582
03/04/2014,569.852553
02/04/2014,599.992707
01/04/2014,558.712504
31/03/2014,566.892592
28/03/2014,561.202549
27/03/2014,568.00257
26/03/2014,1162.012003
25/03/2014,1166.002007
24/03/2014,1184.192035
21/03/2014,1206.312028
20/03/2014,1199.952085
19/03/2014,1211.80202
18/03/2014,1194.672106
17/03/2014,1179.25207
14/03/2014,1181.992043
13/03/2014,1207.952066
12/03/2014,1196.40208
11/03/2014,1213.772027
10/03/2014,1215.692042
07/03/2014,1226.802152
06/03/2014,1222.282091
05/03/2014,1215.052078
04/03/2014,1215.002086
03/03/2014,1206.752026
28/02/2014,1220.342104
27/02/2014,1218.39207
26/02/2014,1224.002141
25/02/2014,1215.942121
24/02/2014,1205.362067
21/02/2014,1207.812016
20/02/2014,1203.142104
19/02/2014,1205.302029
18/02/2014,1201.412007
14/02/2014,1195.612019
13/02/2014,1180.752059
12/02/2014,1189.001997
11/02/2014,1180.172011
10/02/2014,1171.801996
07/02/2014,1167.631998
06/02/2014,1151.132
05/02/2014,1143.381977
04/02/2014,1137.991967
03/02/2014,1179.202079
31/01/2014,1171.35195
30/01/2014,1145.001921
29/01/2014,1119.121909
28/01/2014,1110.321943
27/01/2014,1126.101966
24/01/2014,1151.011923
23/01/2014,1160.00193
22/01/2014,1166.611952
21/01/2014,1160.932041
17/01/2014,1156.851978
16/01/2014,1149.101955
15/01/2014,1152.991977
14/01/2014,1137.951901
13/01/2014,1126.471878
10/01/2014,1139.081977
09/01/2014,1143.442016
08/01/2014,1146.001995
07/01/2014,1125.001909
06/01/2014,1113.011924
03/01/2014,1115.001903
02/01/2014,1115.461873
31/12/2013,1112.241958
30/12/2013,1120.341921
27/12/2013,1120.001906
26/12/2013,1114.011876
24/12/2013,1114.971883
23/12/2013,1107.841852
20/12/2013,1088.301811
19/12/2013,1080.771848
18/12/2013,1071.851804
17/12/2013,1072.821859
16/12/2013,1064.001798
13/12/2013,1075.40181
12/12/2013,1079.571808
11/12/2013,1087.401842
10/12/2013,1076.151804
09/12/2013,1070.99178
06/12/2013,1069.791862
05/12/2013,1057.201858
04/12/2013,1051.37185
03/12/2013,1050.951823
02/12/2013,1063.511809
29/11/2013,1062.161794
27/11/2013,1062.031792
26/11/2013,1048.601858
25/11/2013,1037.161779
22/11/2013,1033.421732
21/11/2013,1027.001751
20/11/2013,1029.951737
19/11/2013,1031.721778
18/11/2013,1035.751726
15/11/2013,1034.871729
14/11/2013,1033.921769
13/11/2013,1006.751721
12/11/2013,1007.701742
11/11/2013,1009.511727
08/11/2013,1008.751746
07/11/2013,1022.611754
06/11/2013,1025.601746
05/11/2013,1020.351724
04/11/2013,1031.501717
01/11/2013,1031.791741
31/10/2013,1028.931813
30/10/2013,1037.431831
29/10/2013,1019.101754
28/10/2013,1015.201747
25/10/2013,1028.821783
24/10/2013,1031.871752
23/10/2013,1001.001723
22/10/2013,1005.001713
21/10/2013,1011.461761
18/10/2013,976.581695
17/10/2013,892.991512
16/10/2013,885.871529
15/10/2013,875.761492
14/10/2013,866.661516
11/10/2013,866.031477
10/10/2013,863.841471
09/10/2013,856.281489
08/10/2013,865.321488
07/10/2013,867.451516
04/10/2013,875.001512
03/10/2013,888.001495
02/10/2013,882.731502
01/10/2013,880.251533
30/09/2013,869.081507
27/09/2013,874.821518
26/09/2013,878.301499
25/09/2013,886.551498
24/09/2013,886.501507
23/09/2013,896.151511
20/09/2013,898.391569
19/09/2013,905.991557
18/09/2013,886.351532
17/09/2013,887.411523
16/09/2013,896.201564
13/09/2013,894.501548
12/09/2013,897.401543
11/09/2013,888.541538
10/09/2013,890.021554
09/09/2013,883.731514
06/09/2013,882.441539
05/09/2013,873.501523
04/09/2013,860.351504
03/09/2013,854.361474
30/08/2013,855.76148
29/08/2013,849.071447
28/08/2013,850.251454
27/08/2013,859.621482
26/08/2013,870.001509
23/08/2013,877.831482
22/08/2013,872.701476
21/08/2013,870.65152
20/08/2013,868.351485
19/08/2013,857.711453
16/08/2013,861.281492
15/08/2013,864.441491
14/08/2013,878.371524
13/08/2013,886.831536
12/08/2013,886.9015
09/08/2013,890.561536
08/08/2013,895.491514
07/08/2013,895.041529
06/08/2013,904.691534
05/08/2013,905.391537
02/08/2013,903.441564
01/08/2013,895.001524
31/07/2013,892.991512
30/07/2013,885.461488
29/07/2013,884.901535
26/07/2013,886.991496
25/07/2013,893.871509
24/07/2013,907.26156
23/07/2013,910.701536
22/07/2013,902.001553
19/07/2013,886.611537
18/07/2013,918.991602
17/07/2013,921.001552
16/07/2013,927.13157
15/07/2013,924.301601
12/07/2013,920.0016
11/07/2013,913.001572
10/07/2013,903.45155
09/07/2013,911.001546
08/07/2013,899.211527
05/07/2013,890.011507
03/07/2013,879.901532
02/07/2013,890.201548
01/07/2013,886.451515
28/06/2013,874.901529
27/06/2013,878.801536
26/06/2013,873.75148
25/06/2013,877.261481
24/06/2013,871.881518
21/06/2013,888.341511
20/06/2013,893.991525
19/06/2013,901.371575
18/06/2013,888.651507
17/06/2013,879.231487
14/06/2013,880.101498
13/06/2013,868.981463
12/06/2013,885.461488
11/06/2013,883.971486
10/06/2013,882.101524
07/06/2013,870.421474
06/06/2013,864.301503
05/06/2013,862.51149
04/06/2013,867.851509
03/06/2013,873.001486
31/05/2013,868.121499
30/05/2013,869.921498
29/05/2013,875.711501
28/05/2013,883.501529
24/05/2013,875.261516
23/05/2013,877.001476
22/05/2013,902.561567
21/05/2013,908.021541
20/05/2013,905.00153
17/05/2013,910.021566
16/05/2013,919.001588
15/05/2013,895.501561
14/05/2013,877.501513
13/05/2013,878.891533
10/05/2013,875.311508
09/05/2013,870.8415
08/05/2013,857.001464
07/05/2013,863.011466
06/05/2013,848.261476
03/05/2013,836.961447
02/05/2013,820.1014
01/05/2013,823.261399
30/04/2013,819.001404
29/04/2013,803.251401
26/04/2013,807.601393
25/04/2013,816.251384
24/04/2013,808.111416
23/04/2013,801.001357
22/04/2013,800.601364
19/04/2013,769.161334
18/04/2013,785.351336
17/04/2013,786.751342
16/04/2013,786.59132
15/04/2013,785.951356
12/04/2013,791.991377
11/04/2013,792.88136
10/04/2013,782.921359
09/04/2013,775.501304
08/04/2013,778.751362
05/04/2013,786.061325
04/04/2013,804.251352
03/04/2013,813.46142
02/04/2013,804.541376
01/04/2013,795.011388
28/03/2013,803.991409
27/03/2013,806.68139
26/03/2013,813.501426
25/03/2013,812.411416
22/03/2013,814.74141
21/03/2013,811.291387
20/03/2013,816.831371
19/03/2013,811.241395
18/03/2013,805.001408
15/03/2013,818.501429
14/03/2013,826.991399
13/03/2013,827.901415
12/03/2013,830.711412
11/03/2013,831.691453
08/03/2013,834.501451
07/03/2013,834.061452
06/03/2013,841.031462
05/03/2013,828.931447
04/03/2013,805.301357
01/03/2013,797.801352
28/02/2013,801.101401
27/02/2013,794.801375
26/02/2013,795.001341
25/02/2013,802.301379
22/02/2013,799.261397
21/02/2013,798.001379
20/02/2013,805.301357
19/02/2013,795.991368
15/02/2013,787.401353
14/02/2013,779.731341
13/02/2013,780.131334
12/02/2013,781.751339
11/02/2013,778.40136
08/02/2013,780.131334
07/02/2013,769.701316
06/02/2013,759.071331
05/02/2013,761.131335
04/02/2013,767.691304
01/02/2013,758.201321
31/01/2013,750.511275
30/01/2013,753.741299
29/01/2013,746.751256
28/01/2013,751.761307
25/01/2013,750.77128
24/01/2013,741.241291
23/01/2013,735.99127
22/01/2013,704.661209
18/01/2013,710.361215
17/01/2013,717.711246
16/01/2013,722.401253
15/01/2013,719.33125
14/01/2013,737.001269
11/01/2013,742.001272
10/01/2013,742.831277
09/01/2013,732.271256
08/01/2013,735.541286
07/01/2013,735.451289
04/01/2013,729.341243
03/01/2013,724.931273
02/01/2013,719.421247
31/12/2012,700.001222
28/12/2012,701.69119
27/12/2012,707.141239
26/12/2012,708.071227
24/12/2012,714.511241
21/12/2012,713.971199
20/12/2012,723.261216
19/12/2012,720.711223
18/12/2012,716.601202
17/12/2012,705.501201
14/12/2012,699.171217
13/12/2012,715.921233
12/12/2012,699.231194
11/12/2012,690.001154
10/12/2012,685.391158
07/12/2012,695.001219
06/12/2012,687.59115
05/12/2012,692.151216
04/12/2012,695.001219
03/12/2012,702.241219
30/11/2012,691.311163
29/11/2012,687.781191
28/11/2012,668.011164
27/11/2012,660.171144
26/11/2012,666.44115
23/11/2012,669.971123
21/11/2012,668.991143
20/11/2012,669.511153
19/11/2012,655.701136
16/11/2012,645.991093
15/11/2012,650.00113
14/11/2012,660.661134
13/11/2012,663.001114
12/11/2012,663.751108
09/11/2012,654.651132
08/11/2012,670.201169
07/11/2012,675.001145
06/11/2012,685.481155
05/11/2012,684.501176
02/11/2012,694.791206
01/11/2012,679.501173
31/10/2012,679.86116
26/10/2012,676.501134
25/10/2012,680.001148
24/10/2012,686.80115
23/10/2012,672.011154
22/10/2012,681.011147
19/10/2012,705.581211
18/10/2012,755.541298
17/10/2012,743.951306
16/10/2012,740.131248
15/10/2012,741.941294
12/10/2012,751.851304
11/10/2012,752.901308
10/10/2012,741.861283
09/10/2012,759.67129
08/10/2012,761.001332
05/10/2012,770.711314
04/10/2012,762.751278
03/10/2012,755.721291
02/10/2012,765.201288
01/10/2012,759.051298
28/09/2012,754.151278
27/09/2012,759.951328
26/09/2012,749.851278
25/09/2012,753.051282
24/09/2012,731.001253
21/09/2012,732.211279
20/09/2012,724.471242
19/09/2012,717.501232
18/09/2012,707.781203
17/09/2012,708.111232
14/09/2012,709.601235
13/09/2012,693.09119
12/09/2012,689.411182
11/09/2012,697.961191
10/09/2012,709.761195
07/09/2012,700.001222
06/09/2012,685.961159
05/09/2012,680.001148
04/09/2012,684.551167
31/08/2012,684.0012
30/08/2012,684.241171
29/08/2012,677.371145
28/08/2012,665.001139
27/08/2012,662.991127
24/08/2012,675.601165
23/08/2012,674.271184
22/08/2012,667.381125
21/08/2012,673.11115
20/08/2012,675.501182
17/08/2012,674.121149
16/08/2012,667.511127
15/08/2012,670.281119
14/08/2012,659.251142
13/08/2012,647.421118
10/08/2012,638.591071
09/08/2012,644.511076
08/08/2012,639.051103
07/08/2012,641.791075
06/08/2012,639.611117
03/08/2012,640.001124
02/08/2012,625.511077
01/08/2012,637.301095
31/07/2012,628.261097
30/07/2012,636.051064
27/07/2012,618.891069
26/07/2012,615.001048
25/07/2012,608.321062
24/07/2012,615.001048
23/07/2012,600.481042
20/07/2012,608.76106
19/07/2012,586.141031
18/07/2012,576.981016
17/07/2012,578.431013
16/07/2012,576.37101
13/07/2012,572.150959
12/07/2012,567.120998
11/07/2012,576.300985
10/07/2012,590.191012
09/07/2012,584.950977
06/07/2012,592.451042
05/07/2012,588.760987
03/07/2012,580.011012
02/07/2012,581.820997
29/06/2012,574.960957
28/06/2012,565.900986
27/06/2012,567.700985
26/06/2012,562.760959
25/06/2012,567.33095
22/06/2012,568.000995
21/06/2012,579.841005
20/06/2012,579.810985
19/06/2012,573.59097
18/06/2012,562.620971
15/06/2012,560.340968
14/06/2012,561.300976
13/06/2012,561.720941
12/06/2012,569.770974
11/06/2012,584.21103
08/06/2012,575.851001
07/06/2012,587.601014
06/06/2012,576.480979
05/06/2012,575.451008
04/06/2012,570.220958
01/06/2012,571.790972
31/05/2012,588.720982
30/05/2012,588.161028
29/05/2012,595.811007
25/05/2012,601.001051
24/05/2012,609.161053
23/05/2012,601.651001
22/05/2012,613.441081
21/05/2012,600.511
18/05/2012,625.101098
17/05/2012,633.8311
16/05/2012,617.961081
15/05/2012,605.351043
14/05/2012,600.781052
11/05/2012,610.351046
10/05/2012,612.961078
09/05/2012,606.821012
08/05/2012,605.531037
07/05/2012,595.001035
04/05/2012,605.921044
03/05/2012,609.621024
02/05/2012,601.201017
01/05/2012,603.791016
30/04/2012,612.991036
27/04/2012,615.021081
26/04/2012,610.911061
25/04/2012,604.001029
24/04/2012,598.241045
23/04/2012,592.901027
20/04/2012,604.251047
19/04/2012,605.691058
18/04/2012,608.051072
17/04/2012,608.561033
16/04/2012,623.001089
13/04/2012,647.55112
12/04/2012,642.35109
11/04/2012,633.971089
10/04/2012,633.521104
09/04/2012,628.481096
05/04/2012,632.241054
04/04/2012,638.451083
03/04/2012,645.411106
02/04/2012,640.77109
30/03/2012,651.751137
29/03/2012,653.441106
28/03/2012,652.031114
27/03/2012,647.031111
26/03/2012,645.001127
23/03/2012,646.601099
22/03/2012,638.501074
21/03/2012,634.611114
20/03/2012,630.921059
19/03/2012,623.121044
16/03/2012,620.891095
15/03/2012,616.60108
14/03/2012,615.001048
13/03/2012,608.751074
12/03/2012,600.001038
09/03/2012,607.951027
08/03/2012,610.04105
07/03/2012,609.051023
06/03/2012,608.051072
05/03/2012,620.431063
02/03/2012,622.001076
01/03/2012,622.261081
29/02/2012,618.601045
28/02/2012,610.001045
27/02/2012,606.591027
24/02/2012,607.351069
23/02/2012,607.001067
22/02/2012,611.961065
21/02/2012,603.871026
17/02/2012,604.971022
16/02/2012,602.821022
15/02/2012,612.931058
14/02/2012,611.541039
13/02/2012,610.50102
10/02/2012,607.881064
09/02/2012,612.021042
08/02/2012,608.641044
07/02/2012,607.151042
06/02/2012,595.011021
03/02/2012,590.66103
02/02/2012,584.871027
01/02/2012,584.940991
31/01/2012,583.001004
30/01/2012,578.050992
27/01/2012,570.780973
26/01/2012,571.980951
25/01/2012,577.511011
24/01/2012,586.321024
23/01/2012,586.000981
20/01/2012,590.531028
19/01/2012,640.99109
18/01/2012,626.631045
17/01/2012,631.98111
13/01/2012,626.261071
12/01/2012,631.221069
11/01/2012,623.501065
10/01/2012,629.751099
09/01/2012,646.501116
06/01/2012,659.151159
05/01/2012,662.131164
04/01/2012,665.031159
03/01/2012,652.94113
30/12/2011,642.021122
29/12/2011,641.491127
28/12/2011,642.751083
27/12/2011,632.051074
23/12/2011,632.001082
22/12/2011,627.951101
21/12/2011,630.011104
20/12/2011,628.001092
19/12/2011,628.011078
16/12/2011,624.321084
15/12/2011,622.521085
14/12/2011,621.851041
13/12/2011,628.761073
12/12/2011,621.88106
09/12/2011,618.001086
08/12/2011,621.041069
07/12/2011,621.681094
06/12/2011,622.991042
05/12/2011,627.641105
02/12/2011,617.051065
01/12/2011,600.001038
30/11/2011,597.951021
29/11/2011,587.88099
28/11/2011,579.370987
25/11/2011,565.190997
23/11/2011,575.350963
22/11/2011,580.000965
21/11/2011,587.761035
18/11/2011,602.001003
17/11/2011,610.051036
16/11/2011,612.08102
15/11/2011,612.801056
14/11/2011,608.001019
11/11/2011,601.301061
10/11/2011,605.93103
09/11/2011,604.261033
08/11/2011,609.001032
07/11/2011,593.320992
04/11/2011,593.501047
03/11/2011,587.000994
02/11/2011,584.900985
01/11/2011,580.101009
31/10/2011,595.091032
28/10/2011,594.521032
27/10/2011,598.421039
26/10/2011,589.550987
25/10/2011,593.100993
24/10/2011,586.721017
21/10/2011,589.510981
20/10/2011,581.901008
19/10/2011,587.341009
18/10/2011,580.191006
17/10/2011,583.720979
14/10/2011,599.471043
13/10/2011,550.030966
12/10/2011,548.130923
11/10/2011,533.460944
10/10/2011,525.180925
07/10/2011,516.830882
06/10/2011,507.50086
05/10/2011,496.350836
04/10/2011,490.030838
03/10/2011,509.850887
30/09/2011,520.21088
29/09/2011,536.040895
28/09/2011,541.500929
27/09/2011,538.200942
26/09/2011,527.250915
23/09/2011,516.560892
22/09/2011,526.250902
21/09/2011,547.690925
20/09/2011,549.400927
19/09/2011,540.350942
16/09/2011,544.800917
15/09/2011,535.500914
14/09/2011,532.590933
13/09/2011,532.000899
12/09/2011,517.960897
09/09/2011,531.40094
08/09/2011,533.800898
07/09/2011,530.450919
06/09/2011,510.800878
02/09/2011,524.470875
01/09/2011,540.750935
31/08/2011,544.740939
30/08/2011,538.190895
29/08/2011,534.560939
26/08/2011,519.990881
25/08/2011,530.380894
24/08/2011,519.330884
23/08/2011,503.50087
22/08/2011,504.000876
19/08/2011,499.340858
18/08/2011,523.470924
17/08/2011,540.030899
16/08/2011,552.430924
15/08/2011,553.430936
12/08/2011,569.500983
11/08/2011,553.820943
10/08/2011,561.380987
09/08/2011,561.000966
08/08/2011,562.980958
05/08/2011,582.540972
04/08/2011,594.500998
03/08/2011,594.271013
02/08/2011,606.001054
01/08/2011,611.221057
29/07/2011,604.231014
28/07/2011,605.191021
27/07/2011,617.181067
26/07/2011,618.051078
25/07/2011,613.361071
22/07/2011,605.391048
21/07/2011,594.031042
20/07/2011,602.181058
19/07/2011,596.141037
18/07/2011,592.490987
15/07/2011,597.501037
14/07/2011,539.120944
13/07/2011,537.000902
12/07/2011,528.160931
11/07/2011,528.180903
08/07/2011,532.950921
07/07/2011,541.000954
06/07/2011,533.500888
05/07/2011,525.30088
01/07/2011,506.740879
30/06/2011,501.990864
29/06/2011,496.540846
28/06/2011,484.020836
27/06/2011,474.000827
24/06/2011,480.680813
23/06/2011,482.13084
22/06/2011,491.450846
21/06/2011,487.190821
20/06/2011,485.000846
17/06/2011,506.180865
16/06/2011,502.810853
15/06/2011,505.030878
14/06/2011,508.150871
13/06/2011,510.000861
10/06/2011,514.080862
09/06/2011,520.000867
08/06/2011,516.530872
07/06/2011,522.890876
06/06/2011,523.540887
03/06/2011,522.000893
02/06/2011,527.570897
01/06/2011,528.040914
31/05/2011,525.00087
27/05/2011,518.480907
26/05/2011,517.700893
25/05/2011,517.330858
24/05/2011,520.370902
23/05/2011,516.600897
20/05/2011,531.800933
19/05/2011,532.730921
18/05/2011,529.540903
17/05/2011,515.430877
16/05/2011,526.310879
13/05/2011,534.610931
12/05/2011,535.240909
11/05/2011,540.140929
10/05/2011,540.000941
09/05/2011,535.000938
06/05/2011,538.150951
05/05/2011,533.860937
04/05/2011,535.170945
03/05/2011,537.130904
02/05/2011,545.700947
29/04/2011,540.000941
28/04/2011,538.060893
27/04/2011,538.000915
26/04/2011,526.520892
25/04/2011,525.250889
21/04/2011,527.490886
20/04/2011,525.9009
19/04/2011,529.950882
18/04/2011,526.420909
15/04/2011,545.290906
14/04/2011,575.191003
13/04/2011,575.510985
12/04/2011,575.000962
11/04/2011,576.201002
08/04/2011,584.890999
07/04/2011,575.730984
06/04/2011,572.180978
05/04/2011,581.080989
04/04/2011,593.00101
01/04/2011,588.760987
31/03/2011,583.001004
30/03/2011,584.380976
29/03/2011,576.000975
28/03/2011,582.071016
25/03/2011,586.880978
24/03/2011,585.43098
23/03/2011,575.191003
22/03/2011,577.270978
21/03/2011,570.220958
18/03/2011,564.640968
17/03/2011,564.480947
16/03/2011,568.010981
15/03/2011,557.500951
14/03/2011,572.80097
11/03/2011,578.221
10/03/2011,585.441028
09/03/2011,591.000984
08/03/2011,592.931046
07/03/2011,600.551006
04/03/2011,608.331048
03/03/2011,606.381014
02/03/2011,599.801011
01/03/2011,617.781087
28/02/2011,610.001045
25/02/2011,611.861021
24/02/2011,611.391064
23/02/2011,610.331074
22/02/2011,620.03107
18/02/2011,626.001067
17/02/2011,621.251082
16/02/2011,625.631093
15/02/2011,627.321061
14/02/2011,623.341043
11/02/2011,613.791083
10/02/2011,613.901052
09/02/2011,616.871071
08/02/2011,614.931084
07/02/2011,610.161066
04/02/2011,610.151019
03/02/2011,609.481035
02/02/2011,611.001057
01/02/2011,604.491018
31/01/2011,603.601036
28/01/2011,619.071063
27/01/2011,617.891056
26/01/2011,620.33108
25/01/2011,608.201046
24/01/2011,607.571068
21/01/2011,639.581098
20/01/2011,632.211096
19/01/2011,642.121105
18/01/2011,626.061044
14/01/2011,617.401066
13/01/2011,616.971054
12/01/2011,619.351039
11/01/2011,617.711062
10/01/2011,614.801082
07/01/2011,615.911064
06/01/2011,610.681075
05/01/2011,600.071002
04/01/2011,605.621034
03/01/2011,596.481052
31/12/2010,596.740995
30/12/2010,598.001013
29/12/2010,602.001003
28/12/2010,602.051056
27/12/2010,602.741011
23/12/2010,605.341057
22/12/2010,604.001029
21/12/2010,598.571013
20/12/2010,594.651034
17/12/2010,591.000984
16/12/2010,592.851035
15/12/2010,594.200988
14/12/2010,597.090997
13/12/2010,597.121016
10/12/2010,593.140998
09/12/2010,593.881006
08/12/2010,591.971039
07/12/2010,591.271036
06/12/2010,580.570966
03/12/2010,569.450992
02/12/2010,568.660992
01/12/2010,563.000991
30/11/2010,574.320992
29/11/2010,589.171027
26/11/2010,590.461003
24/11/2010,587.31099
23/11/2010,587.01098
22/11/2010,587.471012
19/11/2010,597.001
18/11/2010,589.00102
17/11/2010,585.001029
16/11/2010,592.761038
15/11/2010,603.081027
12/11/2010,613.991049
11/11/2010,619.701041
10/11/2010,622.081087
09/11/2010,630.001057
08/11/2010,624.021074
05/11/2010,623.181083
04/11/2010,624.641066
03/11/2010,617.501049
02/11/2010,618.67107
01/11/2010,615.73107
29/10/2010,617.071037
28/10/2010,620.051042
27/10/2010,615.771075
26/10/2010,613.101066
25/10/2010,615.591082
22/10/2010,611.921059
21/10/2010,611.511019
20/10/2010,608.141068
19/10/2010,608.851057
18/10/2010,600.551006
15/10/2010,599.271016
14/10/2010,544.180925
13/10/2010,547.000908
12/10/2010,540.120896
11/10/2010,538.480919
08/10/2010,532.770927
07/10/2010,536.210902
06/10/2010,539.260932
05/10/2010,528.38093
04/10/2010,524.950879
01/10/2010,530.000935
30/09/2010,529.160882
29/09/2010,527.850935
28/09/2010,533.480916
27/09/2010,528.850886
24/09/2010,521.740888
23/09/2010,514.610857
22/09/2010,512.860881
21/09/2010,509.680879
20/09/2010,492.500851
17/09/2010,483.750815
16/09/2010,479.950821
15/09/2010,479.950821
14/09/2010,482.010824
13/09/2010,480.900812
10/09/2010,479.020833
09/09/2010,477.83081
08/09/2010,465.190783
07/09/2010,464.500797
03/09/2010,470.520815
02/09/2010,462.840787
01/09/2010,454.980795
31/08/2010,450.110763
30/08/2010,459.150792
27/08/2010,452.560773
26/08/2010,456.060788
25/08/2010,450.000764
24/08/2010,457.700795
23/08/2010,461.500789
20/08/2010,467.970792
19/08/2010,481.010811
18/08/2010,490.440847
17/08/2010,488.530849
16/08/2010,483.680821
13/08/2010,489.000836
12/08/2010,483.940825
11/08/2010,497.730839
10/08/2010,502.350852
09/08/2010,502.250869
06/08/2010,505.400882
05/08/2010,505.890872
04/08/2010,492.180838
03/08/2010,490.500856
02/08/2010,488.99085
30/07/2010,479.650811
29/07/2010,485.950837
28/07/2010,494.940844
27/07/2010,490.580836
26/07/2010,489.090833
23/07/2010,480.770809
22/07/2010,483.230836
21/07/2010,484.000833
20/07/2010,461.030802
19/07/2010,461.010799
16/07/2010,469.12081
15/07/2010,491.730854
14/07/2010,489.880833
13/07/2010,482.250826
12/07/2010,472.370806
09/07/2010,471.960796
08/07/2010,453.550769
07/07/2010,438.310758
06/07/2010,444.000748
02/07/2010,441.620762
01/07/2010,445.290754
30/06/2010,454.960792
29/06/2010,463.440807
28/06/2010,472.590805
25/06/2010,477.060813
24/06/2010,479.660828
23/06/2010,486.890842
22/06/2010,489.900836
21/06/2010,499.900872
18/06/2010,502.510873
17/06/2010,503.450878
16/06/2010,496.170842
15/06/2010,483.080831
14/06/2010,494.480843
11/06/2010,482.500814
10/06/2010,480.370817
09/06/2010,487.22084
08/06/2010,487.850849
07/06/2010,499.06085
04/06/2010,499.720848
03/06/2010,495.110852
02/06/2010,486.680828
01/06/2010,480.430825
28/05/2010,492.740852
27/05/2010,484.950824
26/05/2010,482.070832
25/05/2010,468.150816
24/05/2010,480.730835
21/05/2010,469.060802
20/05/2010,485.07084
19/05/2010,496.260839
18/05/2010,510.000861
17/05/2010,506.780854
14/05/2010,509.770876
13/05/2010,516.500914
12/05/2010,512.040892
11/05/2010,515.670909
10/05/2010,513.970893
07/05/2010,499.970866
06/05/2010,508.750861
05/05/2010,500.980865
04/05/2010,526.520892
03/05/2010,526.50092
30/04/2010,531.130889
29/04/2010,533.370886
28/04/2010,532.100882
27/04/2010,528.95093
26/04/2010,544.970924
23/04/2010,547.250927
22/04/2010,552.000973
21/04/2010,556.460933
20/04/2010,554.170945
19/04/2010,548.750915
16/04/2010,563.000991
15/04/2010,592.171005
14/04/2010,590.06101
13/04/2010,572.53098
12/04/2010,567.350983
09/04/2010,567.490971
08/04/2010,563.320974
07/04/2010,567.300992
06/04/2010,569.460978
05/04/2010,570.900989
01/04/2010,571.350973
31/03/2010,565.050947
30/03/2010,562.830984
29/03/2010,563.000991
26/03/2010,565.270947
25/03/2010,559.020973
24/03/2010,545.510906
23/03/2010,557.040981
22/03/2010,556.110932
19/03/2010,560.000953
18/03/2010,564.720979
17/03/2010,568.301005
16/03/2010,561.830971
15/03/2010,566.681
12/03/2010,588.140995
11/03/2010,574.261015
10/03/2010,563.760972
09/03/2010,559.850979
08/03/2010,564.780957
05/03/2010,561.350967
04/03/2010,546.500932
03/03/2010,542.360954
02/03/2010,535.480941
01/03/2010,529.200888
26/02/2010,527.420922
25/02/2010,527.120912
24/02/2010,533.980892
23/02/2010,543.000918
22/02/2010,547.35091
19/02/2010,540.530936
18/02/2010,537.540945
17/02/2010,542.000905
16/02/2010,536.8709
12/02/2010,532.970893
11/02/2010,533.320894
10/02/2010,534.070888
09/02/2010,539.540909
08/02/2010,532.500936
05/02/2010,528.400902
04/02/2010,537.000902
03/02/2010,528.670892
02/02/2010,534.960932
01/02/2010,534.600945
29/01/2010,538.490905
28/01/2010,544.490921
27/01/2010,541.270944
26/01/2010,537.970896
25/01/2010,546.590929
22/01/2010,564.50098
21/01/2010,583.441002
20/01/2010,585.981009
19/01/2010,581.201005
15/01/2010,593.341025
14/01/2010,583.900972
13/01/2010,576.490965
12/01/2010,597.651011
11/01/2010,604.46106
08/01/2010,592.000997
07/01/2010,609.401025
06/01/2010,625.861078
05/01/2010,627.181073
04/01/2010,626.951088
31/12/2009,624.751096
30/12/2009,618.501062
29/12/2009,624.741049
28/12/2009,621.661061
24/12/2009,612.931058
23/12/2009,603.501053
22/12/2009,601.341005
21/12/2009,597.611006
18/12/2009,596.031006
17/12/2009,596.441047
16/12/2009,598.601033
15/12/2009,593.30102
14/12/2009,595.351037
11/12/2009,594.680992
10/12/2009,590.441031
09/12/2009,587.501031
08/12/2009,583.500979
07/12/2009,584.21103
04/12/2009,593.021043
03/12/2009,589.041025
02/12/2009,591.000984
01/12/2009,588.131009
30/11/2009,580.631004
27/11/2009,572.000985
25/11/2009,586.411021
24/11/2009,582.521
23/11/2009,576.490965
20/11/2009,569.500983
19/11/2009,573.770964
18/11/2009,576.650986
17/11/2009,574.87096
16/11/2009,575.000962
13/11/2009,569.29097
12/11/2009,569.560961
11/11/2009,570.480963
10/11/2009,562.73094
09/11/2009,555.450934
06/11/2009,547.720944
05/11/2009,543.490908
04/11/2009,540.800927
03/11/2009,530.010921
02/11/2009,537.080913
30/10/2009,550.000947
29/10/2009,543.010904
28/10/2009,547.870919
27/10/2009,550.97094
26/10/2009,555.750944
23/10/2009,555.250968
22/10/2009,550.000947
21/10/2009,549.91095
20/10/2009,551.640924
19/10/2009,552.690928
16/10/2009,547.330938
15/10/2009,533.750906
14/10/2009,532.460931
13/10/2009,524.390926
12/10/2009,523.420871
09/10/2009,516.650889
08/10/2009,519.570916
07/10/2009,499.000842
06/10/2009,491.700834
05/10/2009,487.650822
02/10/2009,483.740829
01/10/2009,493.000857
30/09/2009,500.000855
29/09/2009,499.530868
28/09/2009,494.840861
25/09/2009,494.290833
24/09/2009,500.470873
23/09/2009,500.780869
22/09/2009,500.920857
21/09/2009,487.740849
18/09/2009,496.770862
17/09/2009,490.57085
16/09/2009,479.800816
15/09/2009,475.08082
14/09/2009,470.510799
11/09/2009,470.400799
10/09/2009,466.650797
09/09/2009,459.060796
08/09/2009,464.290784
04/09/2009,457.570793
03/09/2009,455.820786
02/09/2009,455.820786
01/09/2009,459.680788
31/08/2009,459.790787
28/08/2009,469.260798
27/08/2009,468.580798
26/08/2009,472.760812
25/08/2009,469.130796
24/08/2009,467.3508
21/08/2009,465.540784
20/08/2009,452.000789
19/08/2009,439.990741
18/08/2009,445.100774
17/08/2009,451.500783
14/08/2009,462.780778
13/08/2009,462.1508
12/08/2009,455.410776
11/08/2009,453.670786
10/08/2009,455.140786
07/08/2009,455.670781
06/08/2009,454.300764
05/08/2009,456.000779
04/08/2009,449.370785
03/08/2009,448.740777
31/07/2009,449.980761
30/07/2009,442.610759
29/07/2009,437.230735
28/07/2009,441.00077
27/07/2009,446.040779
24/07/2009,435.810757
23/07/2009,428.680726
22/07/2009,428.000726
21/07/2009,430.940725
20/07/2009,429.880735
17/07/2009,433.000729
16/07/2009,436.680737
15/07/2009,429.660736
14/07/2009,423.710712
13/07/2009,416.170702
10/07/2009,409.580713
09/07/2009,406.120704
08/07/2009,400.000672
07/07/2009,408.240685
06/07/2009,406.500694
02/07/2009,415.410721
01/07/2009,424.200732
30/06/2009,424.000735
29/06/2009,426.000731
26/06/2009,413.680717
25/06/2009,407.000701
24/06/2009,408.740691
23/06/2009,406.650699
22/06/2009,416.950715
19/06/2009,418.210702
18/06/2009,415.680712
17/06/2009,416.190704
16/06/2009,419.310728
15/06/2009,421.500734
12/06/2009,426.860724
11/06/2009,431.770731
10/06/2009,436.230752
09/06/2009,438.580749
08/06/2009,439.500751
05/06/2009,445.070755
04/06/2009,435.300734
03/06/2009,426.000731
02/06/2009,426.250718
01/06/2009,418.730711
29/05/2009,412.110703
28/05/2009,408.680714
27/05/2009,405.6407
26/05/2009,391.950669
22/05/2009,396.660679
21/05/2009,396.300692
20/05/2009,402.090694
19/05/2009,396.100665
18/05/2009,394.730678
15/05/2009,391.100662
14/05/2009,388.800657
13/05/2009,394.090683
12/05/2009,410.010695
11/05/2009,402.800683
08/05/2009,402.850705
07/05/2009,404.100706
06/05/2009,406.790688
05/05/2009,399.9807
04/05/2009,398.170685
01/05/2009,395.030688
30/04/2009,395.76068
29/04/2009,385.970656
28/04/2009,383.750662
27/04/2009,384.340665
24/04/2009,386.050667
23/04/2009,387.51065
22/04/2009,381.750667
21/04/2009,376.170647
20/04/2009,386.15065
17/04/2009,386.020648
16/04/2009,381.500648
15/04/2009,367.100629
14/04/2009,376.940644
13/04/2009,371.330635
09/04/2009,369.500647
08/04/2009,363.500631
07/04/2009,362.600632
06/04/2009,367.000615
03/04/2009,364.500614
02/04/2009,363.310621
01/04/2009,343.780596
31/03/2009,348.930604
30/03/2009,342.550598
27/03/2009,350.000611
26/03/2009,353.13059
25/03/2009,350.400604
24/03/2009,346.500597
23/03/2009,333.56056
20/03/2009,330.300578
19/03/2009,331.680581
18/03/2009,334.810561
17/03/2009,320.180556
16/03/2009,325.990561
13/03/2009,326.100561
12/03/2009,317.540535
11/03/2009,310.100539
10/03/2009,298.250512
09/03/2009,299.980517
06/03/2009,307.220517
05/03/2009,316.480545
04/03/2009,323.160561
03/03/2009,330.070562
02/03/2009,333.330575
27/02/2009,332.950585
26/02/2009,345.960585
25/02/2009,342.150574
24/02/2009,331.020553
23/02/2009,347.000603
20/02/2009,338.050571
19/02/2009,357.470627
18/02/2009,347.240605
17/02/2009,346.510583
13/02/2009,362.190622
12/02/2009,353.16061
11/02/2009,358.950613
10/02/2009,375.980636
09/02/2009,371.280643
06/02/2009,356.460597
05/02/2009,340.91059
04/02/2009,340.070568
03/02/2009,342.5706
02/02/2009,334.290582
30/01/2009,344.690581
29/01/2009,344.540576
28/01/2009,337.980576
27/01/2009,326.450562
26/01/2009,324.85056
23/01/2009,309.270534
22/01/2009,298.040499
21/01/2009,288.350489
20/01/2009,299.140525
16/01/2009,305.020525
15/01/2009,297.570512
14/01/2009,310.000525
13/01/2009,311.770535
12/01/2009,316.310537
09/01/2009,327.500567
08/01/2009,318.280544
07/01/2009,328.320555
06/01/2009,332.980573
05/01/2009,321.000544
02/01/2009,308.60052
31/12/2008,304.200536
30/12/2008,300.800505
29/12/2008,300.220518
26/12/2008,304.070534
24/12/2008,301.480505
23/12/2008,300.430501
22/12/2008,308.560514
19/12/2008,310.990522
18/12/2008,316.700544
17/12/2008,318.640562
16/12/2008,314.520525
15/12/2008,314.010532
12/12/2008,295.710505
11/12/2008,304.170517
10/12/2008,309.240545
09/12/2008,297.690497
08/12/2008,289.990496
05/12/2008,271.020455
04/12/2008,276.530481
03/12/2008,269.850465
02/12/2008,269.730449
01/12/2008,286.680493
28/11/2008,290.5805
26/11/2008,280.280484
25/11/2008,268.680475
24/11/2008,269.260462
21/11/2008,262.510452
20/11/2008,274.890474
19/11/2008,295.390492
18/11/2008,301.570502
17/11/2008,303.000527
14/11/2008,303.250515
13/11/2008,291.770492
12/11/2008,302.050506
11/11/2008,308.690516
10/11/2008,328.000573
07/11/2008,333.120562
06/11/2008,339.970585
05/11/2008,362.150617
04/11/2008,353.440617
03/11/2008,357.580626
31/10/2008,356.160618
30/10/2008,368.460629
29/10/2008,365.79062
28/10/2008,339.050583
27/10/2008,334.810561
24/10/2008,326.470565
23/10/2008,353.6506
22/10/2008,356.990623
21/10/2008,372.390625
20/10/2008,379.750641
17/10/2008,378.960641
16/10/2008,332.760574
15/10/2008,354.650612
14/10/2008,393.530669
13/10/2008,355.790614
10/10/2008,313.160524
09/10/2008,344.520604
08/10/2008,330.160559
07/10/2008,373.33063
06/10/2008,373.980641
03/10/2008,397.350696
02/10/2008,409.790695
01/10/2008,411.150696
30/09/2008,395.980679
29/09/2008,419.510725
26/09/2008,428.000726
25/09/2008,438.840754
24/09/2008,430.340736
23/09/2008,433.250747
22/09/2008,454.130787
19/09/2008,461.000782
18/09/2008,422.640735
17/09/2008,438.480766
16/09/2008,425.960725
15/09/2008,424.000735
12/09/2008,430.210734
11/09/2008,408.350715
10/09/2008,424.470723
09/09/2008,423.17073
08/09/2008,452.020761
05/09/2008,445.49075
04/09/2008,460.0008
03/09/2008,468.730803
02/09/2008,476.770819
29/08/2008,469.750818
28/08/2008,472.490822
27/08/2008,473.730806
26/08/2008,483.460821
25/08/2008,486.110828
22/08/2008,491.500838
21/08/2008,482.92084
20/08/2008,494.720845
19/08/2008,490.430831
18/08/2008,509.84087
15/08/2008,506.990867
14/08/2008,497.70085
13/08/2008,501.600857
12/08/2008,502.00085
11/08/2008,492.470831
08/08/2008,480.150817
07/08/2008,482.000838
06/08/2008,478.370821
05/08/2008,467.590802
04/08/2008,468.120797
01/08/2008,472.510825
31/07/2008,474.560811
30/07/2008,485.500822
29/07/2008,479.30081
28/07/2008,492.090841
25/07/2008,486.490849
24/07/2008,496.700837
23/07/2008,481.610831
22/07/2008,466.720791
21/07/2008,480.88084
18/07/2008,498.350862
17/07/2008,534.160947
16/07/2008,514.040857
15/07/2008,516.280915
14/07/2008,539.000928
11/07/2008,536.500926
10/07/2008,545.000944
09/07/2008,550.760927
08/07/2008,545.990909
07/07/2008,542.300915
03/07/2008,530.880931
02/07/2008,536.510912
01/07/2008,519.580902
30/06/2008,532.470917
27/06/2008,527.680927
26/06/2008,544.100914
25/06/2008,544.970924
24/06/2008,545.140932
23/06/2008,545.360931
20/06/2008,556.980942
19/06/2008,555.350951
18/06/2008,564.510966
17/06/2008,576.350976
16/06/2008,566.500945
13/06/2008,561.490956
12/06/2008,548.760963
11/06/2008,556.240934
10/06/2008,549.560949
09/06/2008,568.060972
06/06/2008,579.751008
05/06/2008,577.080999
04/06/2008,565.330985
03/06/2008,576.501012
02/06/2008,582.501028
30/05/2008,583.471021
29/05/2008,574.79101
28/05/2008,567.940956
27/05/2008,544.960938
23/05/2008,546.960964
22/05/2008,551.95092
21/05/2008,578.52101
20/05/2008,574.630989
19/05/2008,578.550968
16/05/2008,581.43099
15/05/2008,579.001013
14/05/2008,586.491032
13/05/2008,586.231027
12/05/2008,574.751005
09/05/2008,579.001013
08/05/2008,586.201008
07/05/2008,590.271023
06/05/2008,591.000984
05/05/2008,598.861037
02/05/2008,598.491003
01/05/2008,578.310997
30/04/2008,562.210992
29/04/2008,550.830952
28/04/2008,545.88094
25/04/2008,549.020967
24/04/2008,551.290922
23/04/2008,557.94095
22/04/2008,537.570903
21/04/2008,539.390935
18/04/2008,535.21089
17/04/2008,455.630775
16/04/2008,444.400771
15/04/2008,458.130777
14/04/2008,457.160783
11/04/2008,464.070785
10/04/2008,464.960798
09/04/2008,469.130796
08/04/2008,473.04082
07/04/2008,477.030824
04/04/2008,457.010778
03/04/2008,461.730805
02/04/2008,469.900793
01/04/2008,447.740764
31/03/2008,435.640749
28/03/2008,447.460757
27/03/2008,446.000773
26/03/2008,452.590762
25/03/2008,457.460793
24/03/2008,438.430744
20/03/2008,427.320725
19/03/2008,441.11077
18/03/2008,428.980736
17/03/2008,427.99074
14/03/2008,442.980763
13/03/2008,432.67073
12/03/2008,440.010744
11/03/2008,425.260722
10/03/2008,428.830731
07/03/2008,428.880722
06/03/2008,447.690772
05/03/2008,445.250748
04/03/2008,450.950785
03/03/2008,471.510812
29/02/2008,471.870799
28/02/2008,470.500813
27/02/2008,460.130803
26/02/2008,461.200779
25/02/2008,505.95088
22/02/2008,502.060858
21/02/2008,512.850864
20/02/2008,503.510856
19/02/2008,534.940899
15/02/2008,528.310905
14/02/2008,538.350916
13/02/2008,522.500869
12/02/2008,523.390913
11/02/2008,520.520876
08/02/2008,509.410889
07/02/2008,496.860859
06/02/2008,511.140862
05/02/2008,489.430849
04/02/2008,509.070873
01/02/2008,528.670892
31/01/2008,539.010914
30/01/2008,549.190914
29/01/2008,560.470971
28/01/2008,570.970952
25/01/2008,591.811017
24/01/2008,558.800974
23/01/2008,560.710942
22/01/2008,562.030937
18/01/2008,608.361068
17/01/2008,620.761092
16/01/2008,628.971086
15/01/2008,645.901096
14/01/2008,651.141131
11/01/2008,642.701091
10/01/2008,645.011113
09/01/2008,630.041062
08/01/2008,653.001107
07/01/2008,653.941143
04/01/2008,679.691152
03/01/2008,685.261156
02/01/2008,692.871191
31/12/2007,698.571197
28/12/2007,704.9312
27/12/2007,707.071214
26/12/2007,698.991223
24/12/2007,694.991171
21/12/2007,697.88118
20/12/2007,685.831157
19/12/2007,674.211146
18/12/2007,674.161154
17/12/2007,688.00119
14/12/2007,687.5112
13/12/2007,696.311166
12/12/2007,714.001218
11/12/2007,719.941256
10/12/2007,715.991258
07/12/2007,714.991245
06/12/2007,697.801169
05/12/2007,692.731202
04/12/2007,678.31118
03/12/2007,691.011215
30/11/2007,711.001241
29/11/2007,690.75121
28/11/2007,682.111143
27/11/2007,674.801179
26/11/2007,680.201175
23/11/2007,670.001142
21/11/2007,643.771129
20/11/2007,636.481076
19/11/2007,629.591078
16/11/2007,633.941069
15/11/2007,638.571099
14/11/2007,673.281157
13/11/2007,644.99108
12/11/2007,657.741106
09/11/2007,675.781159
08/11/2007,734.60125
07/11/2007,741.131261
06/11/2007,737.561283
05/11/2007,706.991203
02/11/2007,710.51119
01/11/2007,702.791186
31/10/2007,700.691177
30/10/2007,677.511133
29/10/2007,677.771137
26/10/2007,674.031152
25/10/2007,678.681153
24/10/2007,672.711157
23/10/2007,661.251106
22/10/2007,638.671082
19/10/2007,654.561135
18/10/2007,635.4111
17/10/2007,630.451102
16/10/2007,618.491076
15/10/2007,638.471116
12/10/2007,623.981069
11/10/2007,633.641059
10/10/2007,621.361051
09/10/2007,615.111078
08/10/2007,595.001035
05/10/2007,587.111024
04/10/2007,585.091026
03/10/2007,586.250999
02/10/2007,583.381024
01/10/2007,569.971001
28/09/2007,567.000982
27/09/2007,571.730994
26/09/2007,570.400952
25/09/2007,564.000943
24/09/2007,561.000966
21/09/2007,556.340978
20/09/2007,547.000908
19/09/2007,539.270918
18/09/2007,526.520892
17/09/2007,526.530878
14/09/2007,523.200872
13/09/2007,524.060896
12/09/2007,520.530863
11/09/2007,516.990904
10/09/2007,521.280918
07/09/2007,517.860915
06/09/2007,529.360909
05/09/2007,523.400899
04/09/2007,515.020898
31/08/2007,513.100883
30/08/2007,512.360874
29/08/2007,507.840875
28/08/2007,511.530869
27/08/2007,514.430864
24/08/2007,512.610893
23/08/2007,516.000877
22/08/2007,509.960886
21/08/2007,498.940865
20/08/2007,502.460851
17/08/2007,497.440846
16/08/2007,492.020847
15/08/2007,509.000879
14/08/2007,515.720901
13/08/2007,519.540897
10/08/2007,510.180886
09/08/2007,520.800914
08/08/2007,519.34087
07/08/2007,509.750873
06/08/2007,503.000863
03/08/2007,510.050883
02/08/2007,513.720875
01/08/2007,510.500868
31/07/2007,520.230914
30/07/2007,512.920889
27/07/2007,508.530861
26/07/2007,508.740874
25/07/2007,516.980857
24/07/2007,509.300858
23/07/2007,519.010902
20/07/2007,511.900873
19/07/2007,553.460956
18/07/2007,553.890968
17/07/2007,555.040955
16/07/2007,550.300957
13/07/2007,547.910924
12/07/2007,545.860907
11/07/2007,543.610924
10/07/2007,543.790918
09/07/2007,543.000918
06/07/2007,541.250911
05/07/2007,535.560891
03/07/2007,531.060925
02/07/2007,525.490921
29/06/2007,526.020917
28/06/2007,524.880915
27/06/2007,525.00087
26/06/2007,532.730921
25/06/2007,528.980888
22/06/2007,516.420903
21/06/2007,510.980871
20/06/2007,516.960885
19/06/2007,514.010899
18/06/2007,506.180865
15/06/2007,508.190877
14/06/2007,505.380879
13/06/2007,507.090881
12/06/2007,508.710886
11/06/2007,514.020885
08/06/2007,516.200904
07/06/2007,519.75091
06/06/2007,516.750871
05/06/2007,509.750873
04/06/2007,497.910863
01/06/2007,501.000868
31/05/2007,500.56087
30/05/2007,484.50084
29/05/2007,485.000846
25/05/2007,479.700833
24/05/2007,475.150814
23/05/2007,480.820832
22/05/2007,473.000814
21/05/2007,469.530819
18/05/2007,472.030821
17/05/2007,472.460802
16/05/2007,462.000795
15/05/2007,461.96079
14/05/2007,465.480807
11/05/2007,461.830788
10/05/2007,467.040804
09/05/2007,466.150791
08/05/2007,466.130788
07/05/2007,472.14082
04/05/2007,470.120792
03/05/2007,466.220785
02/05/2007,468.650792
01/05/2007,472.190812
30/04/2007,479.150835
27/04/2007,480.070837
26/04/2007,478.100831
25/04/2007,480.000812
24/04/2007,478.610823
23/04/2007,480.100826
20/04/2007,490.520828
19/04/2007,474.500803
18/04/2007,471.260793
17/04/2007,473.8008
16/04/2007,468.460812
13/04/2007,468.450796
12/04/2007,464.00079
11/04/2007,466.060794
10/04/2007,467.090795
09/04/2007,472.980812
05/04/2007,471.300799
04/04/2007,472.14082
03/04/2007,464.050782
02/04/2007,457.760773
30/03/2007,462.100778
29/03/2007,464.550788
28/03/2007,461.870793
27/03/2007,463.550806
26/03/2007,460.550798
23/03/2007,461.450797
22/03/2007,455.610773
21/03/2007,445.30077
20/03/2007,445.79076
19/03/2007,443.250753
16/03/2007,445.650772
15/03/2007,447.86078
14/03/2007,443.230751
13/03/2007,450.110763
12/03/2007,452.57079
09/03/2007,458.000775
08/03/2007,459.220787
07/03/2007,462.690782
06/03/2007,447.470773
05/03/2007,437.020752
02/03/2007,445.11076
01/03/2007,442.670767
28/02/2007,450.410773
27/02/2007,455.000767
26/02/2007,472.830807
23/02/2007,475.750804
22/02/2007,478.690834
21/02/2007,469.840815
20/02/2007,468.470798
16/02/2007,462.800781
15/02/2007,466.000786
14/02/2007,460.0008
13/02/2007,459.150792
12/02/2007,460.6808
09/02/2007,471.6508
08/02/2007,468.050803
07/02/2007,473.820803
06/02/2007,468.100794
05/02/2007,477.500811
02/02/2007,482.610813
01/02/2007,506.000871
31/01/2007,496.490855
30/01/2007,494.000839
29/01/2007,498.00086
26/01/2007,490.930837
25/01/2007,501.000868
24/01/2007,484.450818
23/01/2007,480.790812
22/01/2007,492.500851
19/01/2007,487.980851
18/01/2007,494.520848
17/01/2007,503.39087
16/01/2007,507.550882
12/01/2007,501.990864
11/01/2007,497.200844
10/01/2007,484.430845
09/01/2007,485.45083
08/01/2007,487.690827
05/01/2007,482.500814
04/01/2007,469.000793
03/01/2007,466.000786
29/12/2006,462.100778
28/12/2006,467.120815
27/12/2006,460.0008
26/12/2006,456.520789
22/12/2006,457.500799
21/12/2006,464.180784
20/12/2006,470.000806
19/12/2006,461.720788
18/12/2006,482.510831
15/12/2006,482.640833
14/12/2006,480.250831
13/12/2006,484.690819
12/12/2006,483.850828
11/12/2006,484.920835
08/12/2006,481.94083
07/12/2006,490.230834
06/12/2006,486.960836
05/12/2006,487.400834
04/12/2006,483.00082
01/12/2006,485.980826
30/11/2006,484.190844
29/11/2006,494.240841
28/11/2006,481.130828
27/11/2006,501.370872
24/11/2006,504.500852
22/11/2006,510.970885
21/11/2006,496.540846
20/11/2006,498.400853
17/11/2006,493.250845
16/11/2006,495.000852
15/11/2006,493.430839
14/11/2006,480.700815
13/11/2006,474.900826
10/11/2006,473.780797
09/11/2006,476.500829
08/11/2006,470.350808
07/11/2006,476.950813
06/11/2006,473.770811
03/11/2006,472.230817
02/11/2006,467.500805
01/11/2006,478.760828
31/10/2006,478.060825
30/10/2006,474.820816
27/10/2006,483.90082
26/10/2006,487.680841
25/10/2006,477.490825
24/10/2006,476.280829
23/10/2006,462.280803
20/10/2006,458.990801
19/10/2006,420.230731
18/10/2006,422.990737
17/10/2006,420.300725
16/10/2006,427.700746
13/10/2006,427.760724
12/10/2006,428.56074
11/10/2006,425.02072
10/10/2006,431.560748
09/10/2006,424.800721
06/10/2006,410.220708
05/10/2006,414.700702
04/10/2006,404.970686
03/10/2006,401.290678
02/10/2006,401.900684
29/09/2006,405.130708
28/09/2006,404.080704
27/09/2006,406.300698
26/09/2006,405.500681
25/09/2006,405.580692
22/09/2006,404.980703
21/09/2006,400.300682
20/09/2006,407.100684
19/09/2006,415.460713
18/09/2006,410.000709
15/09/2006,407.480704
14/09/2006,404.300703
13/09/2006,395.150674
12/09/2006,385.000663
11/09/2006,378.260639
08/09/2006,376.720645
07/09/2006,379.390654
06/09/2006,382.100668
05/09/2006,379.870657
01/09/2006,380.990656
31/08/2006,381.490662
30/08/2006,379.21066
29/08/2006,380.780643
28/08/2006,375.610632
25/08/2006,373.080642
24/08/2006,374.440642
23/08/2006,377.640647
22/08/2006,377.730643
21/08/2006,378.100648
18/08/2006,386.310672
17/08/2006,386.390652
16/08/2006,383.480671
15/08/2006,374.110643
14/08/2006,371.500642
11/08/2006,374.400637
10/08/2006,373.880628
09/08/2006,382.800671
08/08/2006,382.820643
07/08/2006,371.500642
04/08/2006,379.560661
03/08/2006,364.980617
02/08/2006,375.600646
01/08/2006,385.110662
31/07/2006,388.000671
28/07/2006,382.000655
27/07/2006,387.370662
26/07/2006,388.200667
25/07/2006,385.020665
24/07/2006,392.82068
21/07/2006,386.140664
20/07/2006,404.2807
19/07/2006,395.010686
18/07/2006,409.75069
17/07/2006,404.630701
14/07/2006,410.330707
13/07/2006,414.000699
12/07/2006,422.090737
11/07/2006,418.510712
10/07/2006,423.440721
07/07/2006,426.050722
06/07/2006,423.380713
05/07/2006,421.520737
03/07/2006,420.04072
30/06/2006,415.600701
29/06/2006,407.990697
28/06/2006,404.010679
27/06/2006,405.710694
26/06/2006,406.750713
23/06/2006,402.760678
22/06/2006,401.580702
21/06/2006,391.060656
20/06/2006,388.030659
19/06/2006,390.850674
16/06/2006,389.100666
15/06/2006,386.620668
14/06/2006,389.830658
13/06/2006,380.900659
12/06/2006,388.340655
09/06/2006,392.190671
08/06/2006,387.750652
07/06/2006,393.240676
06/06/2006,376.580656
05/06/2006,376.180633
02/06/2006,386.840667
01/06/2006,373.540643
31/05/2006,373.800647
30/05/2006,378.280641
26/05/2006,384.550648
25/05/2006,379.080658
24/05/2006,377.350653
23/05/2006,374.210657
22/05/2006,367.850623
19/05/2006,373.280638
18/05/2006,378.780648
17/05/2006,370.610629
16/05/2006,375.990653
15/05/2006,375.930645
12/05/2006,383.540649
11/05/2006,403.420706
10/05/2006,408.31071
09/05/2006,395.700672
08/05/2006,395.110668
05/05/2006,397.600684
04/05/2006,395.030688
03/05/2006,396.350683
02/05/2006,401.080696
01/05/2006,418.470707
28/04/2006,418.630728
27/04/2006,422.910726
26/04/2006,427.740721
25/04/2006,439.630753
24/04/2006,439.400768
21/04/2006,448.900768
20/04/2006,411.010708
19/04/2006,412.570704
18/04/2006,407.930689
17/04/2006,403.450695
13/04/2006,408.630692
12/04/2006,409.000696
11/04/2006,416.42072
10/04/2006,407.080711
07/04/2006,412.410713
06/04/2006,406.490708
05/04/2006,408.20071
04/04/2006,389.900683
03/04/2006,389.530679
31/03/2006,388.740679
30/03/2006,389.190663
29/03/2006,379.940652
28/03/2006,371.710625
27/03/2006,367.090643
24/03/2006,368.62062
23/03/2006,342.350601
22/03/2006,339.750586
21/03/2006,350.010597
20/03/2006,342.340585
17/03/2006,338.800595
16/03/2006,348.610591
15/03/2006,350.770608
14/03/2006,337.140585
13/03/2006,340.930593
10/03/2006,343.500589
09/03/2006,355.390621
08/03/2006,353.930607
07/03/2006,365.020623
06/03/2006,380.910645
03/03/2006,384.30066
02/03/2006,364.280614
01/03/2006,368.560642
28/02/2006,393.20067
27/02/2006,381.270663
24/02/2006,377.300662
23/02/2006,365.610626
22/02/2006,367.15062
21/02/2006,366.440631
17/02/2006,369.860635
16/02/2006,345.670591
15/02/2006,341.270578
14/02/2006,345.330607
13/02/2006,346.640585
10/02/2006,361.950621
09/02/2006,371.200632
08/02/2006,368.480632
07/02/2006,382.990651
06/02/2006,385.310659
03/02/2006,393.620666
02/02/2006,403.820699
01/02/2006,389.030672
31/01/2006,430.570752
30/01/2006,429.230724
27/01/2006,435.000754
26/01/2006,439.540756
25/01/2006,451.260781
24/01/2006,436.030756
23/01/2006,407.380691
20/01/2006,438.700765
19/01/2006,451.170784
18/01/2006,447.300766
17/01/2006,463.060786
13/01/2006,464.310786
12/01/2006,473.72082
11/01/2006,471.27081
10/01/2006,464.420786
09/01/2006,466.410795
06/01/2006,456.87079
05/01/2006,446.000773
04/01/2006,443.900765
03/01/2006,422.520719
30/12/2005,417.270728
29/12/2005,427.980723
28/12/2005,424.34072
27/12/2005,431.860728
23/12/2005,432.150751
22/12/2005,431.770731
21/12/2005,433.550757
20/12/2005,427.860737
19/12/2005,432.200743
16/12/2005,425.340733
15/12/2005,419.110732
14/12/2005,417.040712
13/12/2005,412.50071
12/12/2005,414.630707
09/12/2005,415.000712
08/12/2005,405.300685
07/12/2005,406.160709
06/12/2005,408.700686
05/12/2005,417.000707
02/12/2005,416.940729
01/12/2005,409.200692
30/11/2005,404.260697
29/11/2005,424.460737
28/11/2005,429.820727
25/11/2005,425.780731
23/11/2005,417.040712
22/11/2005,408.650694
21/11/2005,399.170697
18/11/2005,403.4907
17/11/2005,401.800701
16/11/2005,396.200678
15/11/2005,394.380677
14/11/2005,392.120677
11/11/2005,395.120685
10/11/2005,378.360652
09/11/2005,386.670659
08/11/2005,394.250675
07/11/2005,395.100682
04/11/2005,389.980663
03/11/2005,382.410664
02/11/2005,381.700645
01/11/2005,371.86063
31/10/2005,360.240619
28/10/2005,355.270605
27/10/2005,356.600616
26/10/2005,346.280597
25/10/2005,345.780591
24/10/2005,343.370586
21/10/2005,345.800594
20/10/2005,309.990539
19/10/2005,304.000509
18/10/2005,304.960517
17/10/2005,297.500518
14/10/2005,299.900506
13/10/2005,302.000514
12/10/2005,305.200519
11/10/2005,310.610531
10/10/2005,313.310529
07/10/2005,314.790546
06/10/2005,314.140534
05/10/2005,312.690537
04/10/2005,319.95054
03/10/2005,313.630542
30/09/2005,314.220545
29/09/2005,306.680535
28/09/2005,314.220545
27/09/2005,314.950537
26/09/2005,319.500556
23/09/2005,313.000533
22/09/2005,311.500545
21/09/2005,308.41054
20/09/2005,306.15054
19/09/2005,301.000501
16/09/2005,304.020512
15/09/2005,299.520516
14/09/2005,308.730522
13/09/2005,309.000543
12/09/2005,301.750526
09/09/2005,297.280519
08/09/2005,294.830508
07/09/2005,285.890493
06/09/2005,289.0005
02/09/2005,286.510485
01/09/2005,285.910495
31/08/2005,288.230503
30/08/2005,287.390481
29/08/2005,282.240473
26/08/2005,283.480488
25/08/2005,282.550469
24/08/2005,277.570469
23/08/2005,276.160477
22/08/2005,281.240491
19/08/2005,280.990473
18/08/2005,275.910459
17/08/2005,285.510503
16/08/2005,284.880494
15/08/2005,289.800486
12/08/2005,283.360472
11/08/2005,285.890493
10/08/2005,291.300505
09/08/2005,291.960503
08/08/2005,293.60051
05/08/2005,297.500518
04/08/2005,295.550514
03/08/2005,298.000524
02/08/2005,291.600485
01/08/2005,288.120504
29/07/2005,292.140497
28/07/2005,297.410521
27/07/2005,297.74052
26/07/2005,295.010502
25/07/2005,302.390521
22/07/2005,306.370539
21/07/2005,314.050538
20/07/2005,305.570523
19/07/2005,302.100528
18/07/2005,300.000519
15/07/2005,301.240503
14/07/2005,305.340538
13/07/2005,292.510501
12/07/2005,293.390497
11/07/2005,296.400522
08/07/2005,296.250517
07/07/2005,289.390507
06/07/2005,297.300521
05/07/2005,292.100491
01/07/2005,295.040491
30/06/2005,294.340519
29/06/2005,302.500521
28/06/2005,306.280512
27/06/2005,298.900523
24/06/2005,290.900512
23/06/2005,288.000487
22/06/2005,289.670484
21/06/2005,288.070482
20/06/2005,276.090483
17/06/2005,279.000464
16/06/2005,274.260465
15/06/2005,275.000473
14/06/2005,278.590485
13/06/2005,279.820483
10/06/2005,286.990489
09/06/2005,284.720503
08/06/2005,292.850516
07/06/2005,297.100494
06/06/2005,282.390478
03/06/2005,286.790492
02/06/2005,288.73051
01/06/2005,283.200481
31/05/2005,269.43047
27/05/2005,260.460435
26/05/2005,260.960441
25/05/2005,252.73043
24/05/2005,256.960451
23/05/2005,243.16042
20/05/2005,241.210417
19/05/2005,240.340406
18/05/2005,233.610399
17/05/2005,230.560399
16/05/2005,229.680387
13/05/2005,229.180396
12/05/2005,230.810403
11/05/2005,228.970399
10/05/2005,225.470384
09/05/2005,228.00039
06/05/2005,228.400398
05/05/2005,228.620397
04/05/2005,227.230393
03/05/2005,221.850384
02/05/2005,222.050381
29/04/2005,221.910377
28/04/2005,219.500372
27/04/2005,217.990367
26/04/2005,220.220378
25/04/2005,217.820375
22/04/2005,222.900388
21/04/2005,200.420347
20/04/2005,198.580343
19/04/2005,189.330331
18/04/2005,184.580316
15/04/2005,190.100328
14/04/2005,193.270328
13/04/2005,193.470325
12/04/2005,193.000338
11/04/2005,193.090335
08/04/2005,193.690339
07/04/2005,188.780318
06/04/2005,189.240319
05/04/2005,187.730329
04/04/2005,179.950302
01/04/2005,181.760317
31/03/2005,177.950307
30/03/2005,180.640303
29/03/2005,181.050313
28/03/2005,181.680306
24/03/2005,180.700311
23/03/2005,177.970309
22/03/2005,181.180315
21/03/2005,179.270302
18/03/2005,178.810301
17/03/2005,177.130303
16/03/2005,176.700306
15/03/2005,175.3003
14/03/2005,178.330312
11/03/2005,180.440307
10/03/2005,181.010307
09/03/2005,184.210312
08/03/2005,189.100331
07/03/2005,187.78032
04/03/2005,186.700327
03/03/2005,186.130327
02/03/2005,185.950318
01/03/2005,189.290326
28/02/2005,186.000324
25/02/2005,189.150322
24/02/2005,183.370321
23/02/2005,193.300332
22/02/2005,196.500337
18/02/2005,198.510333
17/02/2005,197.830333
16/02/2005,194.700338
15/02/2005,193.600327
14/02/2005,182.850311
11/02/2005,186.660322
10/02/2005,191.970336
09/02/2005,200.760347
08/02/2005,196.960338
07/02/2005,205.260359
04/02/2005,206.470354
03/02/2005,205.99035
02/02/2005,215.550374
01/02/2005,194.380341
31/01/2005,193.690339
28/01/2005,190.020333
27/01/2005,188.76033
26/01/2005,179.270302
25/01/2005,181.940311
24/01/2005,188.690321
21/01/2005,194.540332
20/01/2005,192.500331
19/01/2005,204.650353
18/01/2005,200.970345
14/01/2005,196.00033
13/01/2005,195.380338
12/01/2005,194.330334
11/01/2005,195.62034
10/01/2005,194.500326
07/01/2005,190.640325
06/01/2005,195.080328
05/01/2005,193.450337
04/01/2005,201.400342
03/01/2005,197.400336
31/12/2004,199.230339
30/12/2004,192.970334
29/12/2004,191.780326
28/12/2004,192.110325
27/12/2004,189.150322
23/12/2004,187.450322
22/12/2004,183.900316
21/12/2004,186.31032
20/12/2004,182.000319
17/12/2004,176.760299
16/12/2004,176.950309
15/12/2004,177.990312
14/12/2004,171.0003
13/12/2004,172.17029
10/12/2004,173.430292
09/12/2004,170.25029
08/12/2004,170.350289
07/12/2004,176.000303
06/12/2004,179.130313
03/12/2004,179.950302
02/12/2004,179.90031
01/12/2004,181.950312
30/11/2004,180.710313
29/11/2004,180.360311
26/11/2004,175.800307
24/11/2004,174.820296
23/11/2004,167.970288
22/11/2004,164.470289
19/11/2004,169.100288
18/11/2004,170.290296
17/11/2004,169.020292
16/11/2004,177.500307
15/11/2004,180.450308
12/11/2004,185.230312
11/11/2004,169.130292
10/11/2004,170.670286
09/11/2004,174.100306
08/11/2004,170.93029
05/11/2004,181.980316
04/11/2004,188.440318
03/11/2004,198.180335
02/11/2004,198.780339
01/11/2004,193.550336
29/10/2004,198.890339
28/10/2004,186.680325
27/10/2004,182.720309
26/10/2004,186.340324
25/10/2004,176.400296
22/10/2004,170.540299
21/10/2004,144.400252
20/10/2004,148.030253
19/10/2004,150.500251
18/10/2004,143.200243
15/10/2004,144.930247
14/10/2004,141.010237
13/10/2004,143.320244
12/10/2004,134.440236
11/10/2004,137.00023
08/10/2004,138.720233
07/10/2004,136.920235
06/10/2004,137.550243
05/10/2004,134.660235
04/10/2004,135.250238
01/10/2004,130.800218
30/09/2004,129.900219
29/09/2004,126.700214
28/09/2004,121.300211
27/09/2004,119.560205
24/09/2004,120.940208
23/09/2004,118.840207
22/09/2004,117.400203
21/09/2004,119.810208
20/09/2004,116.950204
17/09/2004,114.420198
16/09/2004,112.340192
15/09/2004,110.560189
14/09/2004,107.450181
13/09/2004,106.630185
10/09/2004,101.600178
09/09/2004,102.530174
08/09/2004,100.740176
07/09/2004,101.010175
03/09/2004,100.950174
02/09/2004,99.190173
01/09/2004,102.700174
31/08/2004,102.300173
30/08/2004,105.280178
27/08/2004,108.100185
26/08/2004,104.95018
25/08/2004,104.960181
24/08/2004,111.240189
23/08/2004,110.750191
20/08/2004,101.010175
19/08/2004,100.000168
